object,template
"חלליות, רחפנים","@, @, ומה שביניהם"
"אסטרואידים, שביטים",כל מה שרציתם לדעת על @ ו@
תכניות חלל מאוישות,עתיד ה@
חלל,כשלונות בתחום ה@
"סקסופונים, כינורות",איך להפוף @ ל@
טיקטוק,תרבות ה@
תלתלים,הכימיה של ה@
"מתכנתים, מוזיקלס",איך להיות @ טובים יותר באמצעות כלים מעולם ה@
רובוטים,על הקונספירציות נגד @
"אוניברסיטאות כמו הטכניון, אוניברסיטאות קלאסיות",הפער שבין ה@ ל@
סייבר,"@, מה זה בכלל?"
סופרמרקטים,כל מה שרע ב@
דיסקים קשיחים,הדברים המטורפים שאפשר להכין מ@
שוויצרים,איך להתנהג כמו @
"UX, יזמות ישראלית",@ ו@
תאומות,איך החיים בתור @
מצלמות רשת,איך לפרוץ ל@
אנשים שהם אתם,איך למכור @
"מרחב זכרון מנוהל, מרחב זכרון לא מנוהל",איך לעבור מ@ ל@
יצירות תלת מימדיות,איך למדל @
משהו,איך לחשוב על @
ידיים,איך לרכב על אופניים בלי @
איירון-מן,"@, מדמיון למציאות"
"שרתים פרטיים, משחקי מחשב",פיתוח @ עבור @
"גרפיקות ממוחשבות, מנועים גרפיים",איך לבנות @ בעזרת @
מטוסים,איך להדפיס @
זמן,רוח ה@
דוקרים,עולם ה@
"בעיות ערטילאיות, פרוייקטים",מרעיון לפרויקט - איך לקחת @ ולהפוך אותם ל@ מצליחים
"בישולים ביתיים, וירוסים מדבקים",איך מכינים @ כשיש @ בסביבה
"לו""זים",איך לנהל @
"חלב עיזים, קבלת החלטות",@ עוזר ל@
כלי נגינה אקוסטיים,איך @ עובדים
"בינה מלכאותית, סייבר",איך מוודאים ש@ לא נפגעת כתוצאה מ@
"עולם הדיסק, כוכבי לכת אמיתיים",לקחים פרקטיים מ@ ואיך אפשר ליישם אותם ב@
מנועים יוניים,איך @ עוזרים לנו להגיע לחלל
"אלגוריתמי הצפנה, מלחמות",איך @ יכולים לקבוע נצחון ב@
"שירותי NodeJS, שירותי MongoDb",יסודות @ ו@
"מחשבות שלכם, פעולות ממשיות, אדפתציות דומייניות","איך להפוך את ה@ ל@ בעזרת תכניקה הנקראת ""@"""
ספרים,ספוילרים בעולם ה@
שמיים כחולים,בעולם שבו מותר לשאול הכל איך יכול להיות שאנחנו יודעים כל כך קצת על @
"הרגלים, מנהלים",שבעת ה@ שיהפחו אתכם ל@ טובים יותר
"סמים, מוחות שלנו",אילו @ הכי משפיע על ה@
מחשבים קוונטיים,מה @ יודעים לעשות
מדעי הקוונטים,רקע קצר על @
רעשים,כיצד נתן להעלים @
"שווקי ההון, מליונים",איך להתעסק ב@ כדי להשיג @
קשרים,איך אפשר להשתמש ב@ כדי להשיג את המטרות שלנו
עקרונות לסביבה בריאה,איך לשמור על @
דיפ-פייקס,איך לזהות @ ברחבי האינטרנט
קרני לייזר,איך לקרר באמצעות שימוש ב@
למידת מכונה,לומדים על @ למתחילים
רשתות ניורונים,איך גורמים ל@ להילחם אחד נגד השני כדי להשיג ביצועים טובים יותר
מניות,איך להרוויח כסף מ@
אלגוריתמי חיפוש,איך עובדים @
חייזרים,מדוע עוד לא שמענו מ@
כלי תקיפה,איך לבנות @ בעלות נמוכה
"כוכבי לכת שטוחים, אנשי לטאה","תאוריות קונספירציה - אין דבר כזה @, ואיך @ הולכים להשתלת על העולם"
"עכברושים, בונים",כיצד @ עושים סימביוזה עם @
"כספים, מטבעות קריפטו",למה כל ה@ יום אחד יוחלפו על ידי @
"מהנדסים, מדעים","מה עושים מהנדסים, ואיך זה שונה מ@ רגילים"
טפטפות,איך אפשר לפרוץ ל@
מספרים,תורת ה@
תכניות עבודה,איך להיות ביקורתי כלפי @
שיגורים לחלל,המהפחות שהובילה לירידה דראסטית במחירים של @
חלקיקים,מבוא לפיזיקת ה@
משחקי מחשב,איך למצוא חולשות ב@
ג'אנרים מוזיקליים,איך מוזיקת המטאל הובילה למאות @ חדשים
סופות ענק,איך ניתן לחזות @
לווייני קוביה,איך תלמידי תיכון הצליחו לבנות @
סוחרי סמים,חדשנות בראי עיניים של @
טכנולוגיות בלוקצ'יין,כיצד @ ישפיעו על האנושות
